"","ME","RMSE","MAE","MPE","MAPE","MASE","ACF1","Theil's U"
"Training set",2.38469163862479,15.7256911132833,11.9238308666671,0.056120211359213,0.285781933819683,0.052299893233428,-0.0190550465461177,NA
"Test set",-16.1288187598178,23.6806016351002,20.3830342767737,-0.326060090889775,0.408519518139379,0.089403357726974,0.143913646686031,0.764479927907167
"Training set",3.43598442525105,23.165913744358,17.3556116152319,0.060819424691837,0.323577093452428,0.059955412329401,-0.153295681252025,NA
"Test set",101.334630386631,124.889243600729,102.466408139179,1.5478816826427,1.56643722937433,0.353972875522607,0.79790336576344,2.59784552373333
"Training set",-1.95176743298695,35.9434931442075,24.8236118657663,-0.03210006814177,0.346999556515205,0.0685569423572101,-0.12321166981583,NA
"Test set",89.7142347761777,115.853466106231,94.9295642032628,1.0401846269788,1.10423745283663,0.262172994658094,0.662011918986051,1.93881523128167
"Training set",-6.23465440242486,43.3797374333551,32.3706002097436,-0.0651622050595999,0.34171198167146,0.0766003911326813,-0.0277194875673208,NA
"Test set",237.921957155099,281.477489823939,240.489406800411,2.31994504751792,2.34594190347353,0.569083752071827,0.782756974658865,6.97551349327253
"Training set",-2.36280969920632,25.9385081926157,20.2126903100498,-0.0224200093647654,0.180637129905932,0.0508386109317384,0.0205594989222385,NA
"Test set",61.9727308584899,66.9077815859,61.9727308584899,0.500893357238231,0.500893357238231,0.155872746485688,0.395003293145847,1.53885611991615
"Training set",-4.05430624496224,312.391467499769,104.097025230294,-0.0471726998378846,0.794394836693548,0.170391897937019,0.0641240424575381,NA
"Test set",854.632259214766,1027.5818898576,859.504069492096,5.37727795843067,5.41113466142473,1.40688486881688,0.828224114216699,3.81168761150849
